"target"	"source"	"ignore"	"eco.type"
"assholedesign"	"onejob"	26	"competitor"
"notmyjob"	"onejob"	6	"competitor"
"notmyjob"	"assholedesign"	31	"competitor"
"expectationvsreality"	"crappydesign"	16	"mutualist"
"onejob"	"crappydesign"	18	"mutualist"
"expectationvsreality"	"mildlyinfuriating"	21	"mutualist"
"assholedesign"	"notmyjob"	73	"mutualist"
"onejob"	"assholedesign"	8	"mutualist"
"expectationvsreality"	"notmyjob"	15	"mutualist"
"onejob"	"notmyjob"	26	"mutualist"
"onejob"	"mildlyinfuriating"	14	"mutualist"
