"id"	"label"
"animewallpaper"	"animewallpaper"
"iphonewallpapers"	"iphonewallpapers"
"iwallpaper"	"iwallpaper"
"lolwallpaper"	"lolwallpaper"
"minimalwallpaper"	"minimalwallpaper"
"mobilewallpaper"	"mobilewallpaper"
"nsfw_wallpapers"	"nsfw_wallpapers"
"offensive_wallpapers"	"offensive_wallpapers"
"phonewallpapers"	"phonewallpapers"
"ultrahdwallpapers"	"ultrahdwallpapers"
"verticalwallpapers"	"verticalwallpapers"
"wallpaper"	"wallpaper"
"wallpaperdump"	"wallpaperdump"
"wallpaperrequests"	"wallpaperrequests"
"wallpapers"	"wallpapers"
